sample_id,region,side,role,ssi_full_sequence,umi_threshold,sort_order
1,MOs-r,Ip,target,TGACACAT,1,1
2,MOs-r,Con,target,CCGGGGCA,1,3
3,MOp,Ip,source,GTAAGGCG,1,
4,MOp,Con,target,AAACGTCT,1,4
5,STR-r,Ip,target,GGACGTAT,1,6
6,STR-r,Con,target,TTGGGCAT,1,9
7,STR-i,Ip,target,ACTGATTC,1,7
8,STR-i,Con,target,AAAGTGGA,1,10
9,STR-c,Ip,target,TACGGAGC,1,8
10,STR-c,Con,target,TTTAGGCA,1,11
11,SS,Ip,target,GGGAACTA,1,2
12,SS,Con,target,CTAGAGCA,1,5
13,TH-lr,Ip,target,GTACGGGC,1,13
14,TH-lr,Con,target,ACGTCTGT,1,17
15,TH-mr,Ip,target,CTTATCCG,1,12
16,TH-mr,Con,target,TCTCTACG,1,16
17,TH-lc,Ip,target,ACCCAGTT,1,15
18,TH-lc,Con,target,TCATACTG,1,19
19,TH-mc,Ip,target,TCATAGAT,1,14
20,TH-mc,Con,target,TGAGAACG,1,18
21,MRN,Ip,target,AGATTCTA,1,20
22,PG,Ip,target,CGCAGGCT,1,21
23,SC,Ip,target,AGGCTCCG,1,22
24,MY-l,Ip,target,CGCTATAC,1,23
25,MY-l,Con,target,TCGTTGCC,1,25
26,MY-m,Ip,target,CCGAGAAT,1,24
27,MY-m,Con,target,ACCTTGAT,1,26
